Correct Choice,llama2:70b
B,_
C,B
C,_
A,A
B,B
A,A
B,B
A,_
A,B
B,B
D,D
A,A
A,A
A,A
D,D
A,A
D,D
B,B
C,C
D,D
C,C
B,B
B,B
C,C
A,B
B,B
D,D
C,C
B,B
A,A
D,D
B,B
B,B
C,C
A,A
B,B
A,B
A,A
A,B
C,C
B,B
B,B
C,C
B,B
C,C
B,B
A,B
C,C
D,D
A,A
B,B
B,B
C,C
D,D
A,B
B,B
B,B
D,D
B,B
B,B
D,D
C,C
B,B
B,B
C,C
C,C
C,C
A,B
B,B
A,A
B,B
D,D
A,A
D,D
B,B
B,B
C,C
C,C
B,B
C,_
C,C
D,D
D,D
C,C
A,B
B,B
D,D
A,B
D,D
D,D
A,A
B,B
A,A
C,C
D,D
A,_
C,C
B,B
C,C
B,_
C,C
D,D
A,A
D,D
A,B
C,C
B,B
B,B
B,B
B,B
B,B
B,B
C,C
A,A
B,B
B,B
A,A
A,A
A,A
A,A
A,A
B,B
A,B
D,D
A,A
C,C
C,C
A,A
A,B
A,A
B,B
D,D
D,D
A,B
B,B
C,C
B,B
C,C
A,B
D,D
C,C
C,C
A,B
A,A
C,C
C,C
B,B
B,B
C,C
A,B
A,B
B,B
B,B
C,C
D,D
B,_
D,D
C,C
C,C
B,B
B,B
A,A
C,C
D,D
A,A
D,D
D,D
C,C
C,_
B,B
C,C
B,B
C,C
B,B
A,A
C,C
C,C
A,A
B,B
B,B
A,B
C,C
C,C
C,C
B,B
B,B
B,B
D,_
A,_
D,D
C,C
A,B
C,C
A,B
C,C
B,B
C,C
D,D
C,C
A,B
B,B
C,C
C,C
C,C
B,_
B,B
B,B
D,D
A,A
D,_
A,B
B,B
B,B
C,C
B,B
A,_
A,_
B,_
C,C
B,B
D,D
B,B
C,_
B,B
C,_
B,_
B,_
D,D
C,C
B,B
A,A
B,B
C,C
D,D
A,_
B,B
A,_
C,C
D,_
A,_
B,_
C,C
C,C
D,D
A,B
D,_
D,D
D,D
A,_
D,D
B,_
A,A
D,D
C,C
B,B
C,C
C,C
D,D
B,_
A,A
C,B
C,C
D,D
B,B
D,D
C,C
A,B
C,C
A,A
A,_
A,A
B,B
A,B
D,D
C,C
C,C
C,C
C,C
D,D
C,C
D,D
B,B
B,B
C,C
C,C
A,_
B,_
B,B
A,A
C,C
D,D
A,_
D,D
A,_
D,D
B,_
C,C
B,_
D,_
D,D
D,D
D,D
A,A
B,_
B,B
C,C
C,_
A,_
D,D
B,B
A,_
C,C
C,_
B,B
A,_
A,B
B,B
A,_
D,D
D,D
A,B
C,C
B,_
A,_
D,D
D,D
C,_
