Correct Choice,THUDM/glm-4-9b-chat
B,B
C,B
C,B
C,C
A,A
B,B
A,A
B,B
A,C
B,B
A,A
B,B
D,D
A,A
A,A
A,A
A,A
D,D
A,A
D,D
B,B
C,C
D,D
C,C
B,B
B,B
C,C
A,A
B,B
D,D
C,C
B,B
A,A
D,D
B,B
B,B
B,B
C,C
A,A
B,B
A,A
A,A
A,A
C,C
B,B
B,B
C,C
B,B
C,B
B,A
A,A
C,C
D,D
A,A
B,B
B,B
C,C
D,D
A,A
B,B
B,B
D,A
B,B
B,B
D,A
C,C
B,B
B,B
C,C
C,C
B,B
C,C
A,A
B,B
A,A
B,A
D,D
A,A
D,A
B,B
B,B
C,C
C,C
B,B
B,B
C,B
C,C
D,D
D,D
C,C
A,A
B,B
D,D
A,A
D,D
D,D
A,A
B,B
A,A
C,C
D,D
A,B
C,A
B,B
C,C
B,B
C,B
D,D
A,A
D,A
A,A
C,C
B,B
B,B
B,B
B,B
B,B
B,B
C,C
A,A
B,B
B,A
A,A
A,A
A,A
A,A
A,A
B,B
A,A
D,D
A,A
C,C
C,C
A,A
A,A
A,A
B,A
D,B
D,B
A,A
B,A
C,B
B,B
C,A
A,A
D,D
C,C
C,C
A,A
A,A
C,C
C,C
C,A
B,B
B,B
C,A
A,B
A,A
B,B
B,A
C,C
D,D
B,B
D,B
C,C
C,C
B,B
B,B
A,A
C,C
D,B
A,A
D,D
D,D
C,C
C,C
B,B
C,C
B,B
C,C
B,B
A,A
C,C
B,B
C,B
A,A
B,B
B,D
A,A
C,C
C,C
C,B
B,B
B,B
B,A
D,A
A,A
D,D
C,A
C,C
A,A
C,C
A,C
C,A
B,B
C,C
D,D
C,C
A,A
B,B
C,A
C,C
D,D
C,C
C,C
B,C
B,C
B,B
D,D
A,A
D,B
A,A
C,C
B,B
B,B
C,C
B,A
A,A
A,A
B,A
C,B
B,B
D,A
B,D
C,D
B,B
C,B
B,C
B,B
D,D
C,C
B,B
A,A
B,B
C,A
D,D
A,A
B,B
A,A
C,C
D,D
D,C
A,A
B,B
C,B
C,C
D,D
A,A
D,C
D,D
D,C
A,A
D,B
B,C
A,A
D,A
C,A
B,B
C,A
C,A
D,B
B,A
A,B
C,C
C,C
D,C
B,B
C,C
D,A
C,C
A,A
C,A
A,A
A,B
A,C
B,C
D,D
A,A
D,D
C,A
C,A
C,C
C,C
C,A
D,D
C,A
D,B
D,B
B,A
B,B
C,B
A,B
C,B
A,A
B,A
B,B
A,A
C,C
D,D
A,C
D,A
A,B
D,D
B,A
C,B
C,C
B,B
D,B
D,D
C,B
D,C
D,D
A,A
B,A
B,B
C,A
C,A
A,B
D,B
B,B
A,B
C,C
C,C
B,B
A,A
A,A
B,A
A,B
D,B
C,C
D,C
A,A
A,A
C,C
B,B
C,C
A,C
D,D
C,C
D,D
C,D
