Correct Choice,llama3.1:8b
B,B
C,B
C,A
C,C
A,B
B,B
A,A
B,B
A,B
B,B
A,A
B,B
D,D
A,A
A,A
A,A
A,A
D,D
A,B
D,D
B,B
C,C
D,D
C,B
B,C
B,B
C,C
A,A
B,B
D,D
C,C
B,B
A,A
D,D
B,B
B,B
B,B
C,C
A,A
B,B
A,A
A,A
A,A
C,C
B,B
B,B
C,C
B,B
C,C
B,B
A,A
C,C
D,D
A,A
B,B
B,B
C,C
D,D
A,A
B,B
B,B
D,D
B,B
B,B
D,D
C,C
B,B
B,B
C,C
C,C
B,B
C,C
A,A
B,B
A,A
B,B
D,C
A,B
D,D
B,B
B,B
C,C
C,C
B,B
B,B
C,C
C,A
D,D
D,D
C,C
A,A
B,B
D,D
A,B
D,D
D,D
A,A
B,C
A,A
C,B
D,C
A,D
C,C
B,B
C,C
B,B
C,C
D,D
A,A
D,D
A,A
C,C
B,A
B,B
B,B
B,B
B,B
B,B
C,C
A,A
B,B
B,B
A,A
A,A
A,A
A,A
A,A
B,B
A,B
D,D
A,A
C,C
C,C
A,A
A,A
A,A
B,B
D,D
D,D
A,A
B,B
C,C
B,B
C,B
A,A
D,D
C,C
C,C
A,A
A,A
C,C
C,C
C,C
B,B
B,B
C,B
A,B
A,B
B,C
B,B
C,C
D,C
B,B
D,D
C,C
C,C
B,B
B,B
A,B
C,C
D,D
A,A
D,D
D,D
C,B
C,C
B,B
C,C
B,B
C,B
B,A
A,B
C,C
B,B
C,C
A,B
B,B
B,B
A,B
C,A
C,C
C,C
B,B
B,B
B,B
D,A
A,A
D,D
C,B
C,C
A,A
C,C
A,B
C,C
B,B
C,C
D,A
C,C
A,A
B,B
C,C
C,B
D,D
C,B
C,B
B,B
B,B
B,B
D,D
A,A
D,D
A,B
C,C
B,A
B,C
C,C
B,C
A,B
A,B
B,B
C,C
B,B
D,D
B,B
C,C
B,_
C,C
B,B
B,B
D,D
C,C
B,B
A,A
B,B
C,C
D,D
A,_
B,B
A,_
C,D
D,D
D,D
A,_
B,B
C,A
C,C
D,D
A,B
D,D
D,C
D,D
A,B
D,D
B,B
A,A
D,A
C,B
B,B
C,C
C,C
D,D
B,B
A,A
C,B
C,C
D,C
B,B
C,D
D,D
C,C
A,A
C,C
A,B
A,B
A,A
B,B
D,D
A,B
D,D
C,B
C,C
C,C
C,C
C,C
D,D
C,C
D,D
D,C
B,B
B,B
C,C
A,A
C,C
A,B
B,B
B,B
A,B
C,C
D,D
A,A
D,D
A,D
D,D
B,B
C,B
C,C
B,B
D,D
D,D
C,C
D,D
D,B
A,A
B,B
B,B
C,C
C,C
A,A
D,D
B,B
A,B
C,B
C,C
B,B
A,A
A,B
B,B
A,A
D,D
C,C
D,C
A,D
A,A
C,B
B,B
C,C
A,_
D,D
C,C
D,D
C,C
