Correct Choice,llama3.1-8b-epoch0-Final
A,A
D,D
B,B
A,A
C,C
D,D
D,D
C,X
D,D
C,C
D,_
D,D
C,C
C,C
C,X
C,C
B,B
D,D
C,C
C,D
B,B
C,_
C,C
C,C
D,D
B,A
C,_
D,X
C,A
B,B
A,A
C,C
B,B
B,C
D,D
B,X
D,D
D,B
A,A
C,D
C,D
B,B
D,B
B,B
D,A
C,C
B,B
D,D
D,_
B,B
D,D
C,_
D,D
D,B
B,B
B,X
A,A
B,B
A,A
D,D
D,D
C,C
A,A
B,D
D,D
A,X
B,X
B,B
D,D
D,D
A,B
B,B
A,A
D,D
C,C
B,B
D,D
D,D
D,D
D,D
C,X
A,A
B,B
D,D
A,D
B,X
B,A
A,A
C,X
A,B
C,C
C,C
D,D
B,B
B,B
C,_
C,C
D,D
D,D
D,D
C,C
C,B
A,A
B,B
D,D
C,C
C,X
D,D
D,C
C,A
A,C
A,A
C,C
B,B
B,B
A,A
C,C
C,C
D,D
A,A
A,A
D,_
B,_
D,D
C,C
C,_
B,_
C,C
B,B
A,A
B,B
A,B
C,C
D,_
D,D
A,A
B,B
B,B
B,C
B,B
D,C
B,X
D,A
B,B
B,B
D,D
B,X
D,D
A,A
A,A
D,D
B,B
D,D
A,A
B,B
B,B
B,B
A,A
A,_
B,B
B,B
D,X
C,D
A,_
D,D
B,C
A,A
A,A
C,B
A,_
C,X
A,A
D,D
C,C
A,B
B,D
D,B
A,A
C,_
C,C
B,B
B,B
B,B
C,X
A,A
B,_
C,C
D,A
D,D
B,_
A,A
A,A
A,A
C,C
D,X
B,B
C,C
A,A
A,A
D,D
D,D
D,X
C,B
B,C
D,D
C,C
B,B
D,D
D,D
D,D
D,D
A,A
B,B
D,D
C,C
A,A
B,B
B,C
B,B
D,D
C,C
D,D
A,B
D,D
A,A
A,A
D,A
A,B
A,A
D,D
C,C
D,D
A,A
A,D
C,C
B,D
A,A
C,C
A,A
B,X
A,A
A,C
D,X
B,A
A,A
C,C
A,C
C,_
B,B
A,A
A,A
B,B
B,C
C,A
B,B
C,A
C,C
C,D
A,D
D,_
A,D
A,A
A,A
D,D
B,X
B,B
B,B
C,C
A,A
A,A
A,A
D,D
B,D
A,A
D,D
C,_
D,D
D,D
D,D
D,D
C,C
D,D
D,D
D,D
D,D
D,D
D,D
D,D
D,D
D,D
C,C
B,D
C,X
A,A
B,A
B,A
D,X
D,D
C,C
A,A
B,B
D,D
B,B
A,C
C,C
A,A
B,C
D,X
A,A
D,D
A,C
C,C
C,D
C,C
D,X
C,_
B,B
A,D
A,A
B,B
B,A
D,D
D,D
A,A
C,C
C,C
B,B
D,D
C,C
C,_
B,B
C,C
D,D
D,D
B,B
A,A
D,X
A,A
D,A
B,X
D,A
A,A
D,D
B,B
B,B
C,C
B,B
C,C
A,A
A,A
B,X
C,C
C,C
C,C
D,X
B,B
B,B
D,B
D,D
C,C
B,B
A,D
B,B
B,X
A,_
D,B
C,X
C,B
B,B
A,A
C,C
C,C
A,A
B,B
B,B
B,B
A,A
B,D
C,C
B,B
A,D
D,D
C,C
C,C
D,B
C,D
C,C
C,C
B,B
B,B
B,B
B,B
A,_
D,D
D,D
B,D
A,A
C,C
D,D
C,C
C,C
B,B
B,_
D,_
C,C
D,D
C,C
C,C
C,C
D,C
C,C
A,A
A,X
D,D
C,C
D,D
A,_
B,X
B,B
D,D
C,C
A,A
B,A
B,B
C,X
A,A
D,B
A,A
B,B
D,D
C,X
C,X
B,B
C,C
B,A
C,_
D,D
D,D
C,C
B,B
B,B
C,C
A,D
B,B
A,B
C,C
C,C
C,C
B,B
A,B
C,C
A,X
C,C
D,X
D,D
A,A
B,B
D,A
C,C
D,D
A,A
A,_
A,A
C,C
C,C
D,D
B,B
D,_
D,A
B,C
B,B
B,B
A,_
D,D
D,_
A,A
B,B
C,X
A,C
D,D
C,C
D,D
B,B
D,B
D,_
D,D
C,C
A,C
A,A
C,C
B,B
A,A
A,A
A,A
C,C
C,C
D,X
C,X
B,B
D,D
B,B
D,D
D,D
B,B
B,B
D,_
B,B
C,C
D,D
C,C
B,B
A,A
D,D
A,C
A,A
B,B
C,C
C,X
A,A
A,C
B,B
B,B
D,A
B,X
A,B
B,B
A,D
A,A
C,C
D,D
D,D
C,B
A,A
A,_
B,B
B,B
B,B
C,C
B,B
A,A
C,C
B,B
A,A
A,A
D,D
D,D
D,D
C,C
D,D
C,D
C,D
C,A
C,C
C,C
B,B
D,D
C,C
B,B
C,B
A,A
D,D
D,D
A,A
D,D
B,B
A,B
C,_
C,C
C,C
A,D
C,A
A,A
C,C
C,C
D,A
B,B
B,B
B,B
A,C
D,D
D,D
A,A
D,D
C,C
D,_
B,B
C,C
B,B
D,X
D,D
D,D
C,C
D,D
A,A
B,B
C,C
A,B
D,_
B,B
D,X
A,_
A,D
C,X
D,D
B,A
A,A
C,C
D,D
B,B
D,D
A,A
A,C
A,A
D,D
B,A
A,A
A,A
C,C
B,B
D,D
B,B
A,A
C,C
A,A
C,C
D,D
A,A
D,_
D,X
D,D
B,B
A,B
C,C
C,C
A,_
A,A
C,C
C,C
C,C
B,B
D,D
A,A
C,C
B,B
B,B
D,A
C,C
D,D
B,B
A,A
D,D
A,C
D,_
B,_
D,B
B,A
D,X
A,D
A,A
B,B
C,X
C,C
B,X
C,C
D,D
B,B
A,A
C,C
C,C
C,X
D,D
D,D
A,A
C,_
D,D
B,A
C,C
C,C
B,B
D,D
D,X
B,B
A,A
A,A
D,D
A,B
A,_
A,A
A,A
D,_
C,C
A,A
D,D
A,A
B,B
D,D
C,C
C,C
C,C
C,D
C,C
D,D
B,_
C,D
A,A
C,C
B,B
A,A
C,X
D,D
C,C
A,D
B,X
C,A
A,A
B,B
B,X
B,B
C,C
C,X
A,A
A,A
A,A
D,_
A,A
A,A
A,A
C,X
A,A
C,A
B,B
A,A
A,D
C,X
D,D
A,B
D,D
C,X
D,D
C,C
A,A
B,B
C,C
C,C
A,A
C,C
B,B
C,C
C,X
B,B
D,D
C,C
B,X
C,C
D,D
A,A
D,A
B,C
A,A
D,D
C,C
B,B
B,B
D,_
D,D
D,C
C,C
A,B
A,A
D,D
D,D
C,C
D,D
D,D
B,B
A,A
B,B
D,X
B,B
A,A
B,_
C,C
C,D
B,B
A,A
D,D
B,B
D,D
B,B
D,D
A,_
D,D
A,A
D,D
A,B
B,B
C,C
B,B
A,X
A,A
C,_
D,D
B,B
C,C
C,C
B,D
D,D
B,B
B,B
A,A
C,C
B,B
B,B
D,D
A,A
B,B
B,B
C,B
A,A
A,A
C,D
C,B
A,A
A,A
D,D
A,A
C,C
B,B
D,X
C,C
A,A
C,C
D,D
D,D
C,C
C,A
B,B
B,B
D,D
D,_
D,D
B,B
D,D
D,A
A,_
B,_
C,C
A,A
C,C
C,C
D,D
C,B
A,A
A,C
D,C
D,D
D,X
A,A
B,D
B,B
D,D
D,C
B,B
B,B
D,C
A,A
C,C
C,X
C,_
D,A
A,C
C,C
A,A
A,D
B,B
A,A
D,D
A,_
C,X
C,C
B,B
C,C
A,A
B,B
B,B
C,X
B,B
C,C
D,D
A,A
C,C
C,A
D,D
A,A
C,C
D,D
D,D
C,C
D,X
B,B
D,D
A,B
B,B
C,C
C,C
B,B
D,C
B,B
A,_
B,C
D,D
D,A
B,B
D,D
D,B
C,B
C,C
C,C
B,_
A,A
D,D
A,A
D,X
D,A
C,C
D,D
C,X
B,A
D,D
A,D
A,_
C,D
C,C
A,A
A,A
D,D
C,C
A,B
A,A
C,C
B,B
C,C
D,_
A,A
B,B
B,B
C,C
A,A
B,B
D,C
B,B
A,A
B,B
D,D
C,C
D,D
C,C
B,A
A,A
A,A
D,D
C,C
A,A
C,C
A,_
B,B
A,D
B,X
B,B
A,A
C,C
A,A
C,D
D,A
C,C
C,C
B,B
B,B
A,A
A,A
A,A
A,A
C,D
A,A
C,A
B,B
D,D
D,X
A,A
C,C
C,C
C,C
B,B
B,B
C,A
B,B
D,D
C,C
C,X
C,C
D,_
D,A
B,B
C,C
A,A
D,D
D,D
C,C
A,A
C,C
D,D
B,B
B,B
D,D
D,D
C,C
C,C
A,A
A,A
C,C
A,A
C,X
D,D
D,_
C,C
B,B
D,D
B,B
A,A
A,A
C,C
D,B
D,X
A,_
A,A
A,A
B,X
A,A
D,D
B,D
D,D
D,D
C,C
A,A
B,B
D,A
B,X
D,A
B,B
D,D
D,D
C,C
C,C
B,A
D,D
C,C
C,A
A,B
B,B
A,A
A,A
C,C
B,B
D,X
A,A
D,D
D,_
B,B
C,C
D,D
A,A
B,B
B,_
C,C
D,C
C,C
C,C
C,C
A,D
C,C
D,D
A,A
D,D
B,B
A,A
B,B
A,A
B,X
B,B
D,D
D,D
C,C
D,A
B,B
A,A
D,D
D,D
D,A
C,C
D,D
D,D
D,D
B,B
B,_
D,D
D,D
C,A
A,A
C,C
B,B
C,X
B,B
A,A
D,D
D,D
A,A
C,C
B,C
B,B
C,C
A,C
A,X
C,X
C,X
D,C
D,D
D,D
A,A
C,X
B,B
D,D
D,D
D,D
C,C
D,D
C,C
A,A
C,C
B,B
A,A
A,A
A,A
D,D
B,C
A,A
C,B
B,B
A,_
A,A
C,C
C,C
A,A
C,C
A,D
A,B
C,C
A,A
A,B
C,C
C,C
D,D
D,C
D,D
A,A
A,A
D,D
C,C
A,A
B,B
A,A
C,X
D,D
D,C
B,B
D,A
B,B
D,D
D,D
D,D
D,D
A,A
B,B
C,C
B,B
B,_
A,A
D,D
B,X
B,C
D,D
C,C
C,B
A,A
D,D
A,A
A,D
D,X
B,_
C,C
D,D
C,D
A,A
D,D
A,A
D,D
B,B
D,X
B,B
D,D
D,D
B,B
B,B
D,D
A,A
A,A
B,B
B,B
C,C
B,B
C,D
B,B
B,B
D,D
B,A
C,C
A,A
D,D
C,C
D,D
A,A
D,D
B,B
B,A
D,D
D,D
B,X
D,D
C,C
A,B
A,A
D,D
A,A
D,X
A,X
B,B
D,D
A,A
B,B
A,A
C,C
A,A
A,A
D,D
D,_
C,C
B,B
B,B
C,_
B,B
D,D
C,C
B,B
A,A
A,A
B,B
B,B
D,D
B,B
D,D
B,B
D,D
B,B
B,C
B,B
A,A
A,A
C,C
D,A
C,C
C,C
B,B
C,C
C,C
C,X
C,C
B,C
A,A
C,A
B,B
C,X
C,C
B,B
D,D
A,A
D,C
B,B
C,C
B,B
C,C
B,B
A,A
C,C
D,D
A,A
B,A
B,B
A,A
C,X
C,C
A,A
A,A
B,B
C,C
B,A
C,C
D,D
B,B
D,X
B,B
C,C
C,C
C,_
A,A
C,X
B,B
C,C
C,C
C,C
A,A
C,C
C,D
A,A
C,C
A,A
A,A
B,X
C,C
C,D
C,C
C,_
A,A
B,C
B,B
B,_
A,A
D,D
C,C
A,A
D,D
A,D
B,B
A,A
B,B
B,A
C,_
C,C
B,A
C,C
C,C
D,D
B,B
A,A
D,D
C,C
C,C
B,B
A,A
B,C
C,C
A,_
A,A
B,B
B,B
D,D
A,C
C,C
A,X
D,D
D,D
D,B
B,B
A,A
B,X
D,C
B,B
A,A
A,A
A,D
C,C
B,D
D,D
D,D
C,C
A,A
D,D
D,X
B,B
D,B
A,_
A,A
B,B
B,B
D,D
A,A
A,C
B,A
D,D
D,_
A,A
B,B
B,D
B,_
C,C
B,B
C,C
D,D
C,C
D,D
A,X
B,B
C,A
C,_
B,B
B,B
D,D
B,B
B,D
C,C
A,A
B,B
A,A
A,D
C,D
D,B
B,A
D,_
A,A
C,C
B,B
C,C
B,B
D,A
A,A
B,B
D,D
A,A
B,B
A,C
A,A
D,D
C,C
C,X
A,A
D,C
D,D
B,B
A,C
B,B
B,B
B,B
A,_
B,X
B,B
A,A
D,D
A,A
D,D
C,C
D,D
A,A
A,A
A,A
C,C
D,D
B,A
D,D
B,B
D,D
C,C
B,_
B,X
B,B
C,C
B,C
C,C
A,A
C,C
A,A
D,_
D,C
B,X
D,D
A,C
C,C
C,A
D,A
A,D
D,D
C,C
D,D
B,B
B,_
B,B
B,B
C,C
A,D
D,X
B,_
A,A
A,A
A,A
C,C
A,A
B,B
D,D
A,A
B,B
A,C
B,D
A,A
C,C
C,X
A,A
A,A
B,B
D,C
B,B
D,D
B,B
C,C
A,A
A,A
B,_
B,B
D,D
C,C
D,C
D,D
D,D
B,B
B,B
A,A
D,X
A,_
A,A
B,B
C,C
D,C
B,B
C,X
D,D
C,C
B,B
C,C
C,C
A,C
C,C
A,A
C,C
D,D
C,_
D,D
A,A
A,A
D,D
B,B
C,C
A,A
C,C
A,C
C,X
B,B
A,A
C,C
D,D
D,D
D,D
C,A
A,A
B,X
A,A
D,D
C,C
A,A
B,D
A,B
A,B
C,C
D,D
C,C
B,B
A,B
D,X
A,A
B,A
A,A
A,A
B,B
C,C
C,C
D,D
D,D
B,X
D,D
D,D
D,D
B,B
D,D
C,X
D,A
C,C
A,A
C,C
D,D
C,C
B,_
A,A
D,_
B,D
B,B
A,A
D,D
B,X
B,B
C,A
C,C
D,D
A,A
C,C
D,B
D,X
A,A
D,A
B,C
A,B
D,D
D,B
A,A
A,A
C,C
B,B
B,B
B,X
B,B
C,C
B,B
A,A
D,D
C,C
D,X
C,C
D,X
A,A
A,A
D,B
B,B
B,B
B,B
C,C
C,C
C,C
A,_
A,_
A,A
A,A
B,B
A,A
C,C
B,B
D,D
C,C
C,B
A,A
B,B
D,B
A,A
A,_
B,D
A,A
D,C
B,B
D,_
D,D
D,B
A,A
B,X
D,D
B,_
B,C
D,D
C,B
D,D
D,_
C,C
C,D
D,X
A,D
C,C
A,X
B,B
D,D
C,X
A,B
A,B
D,D
C,C
A,A
C,C
A,A
D,D
C,B
D,_
C,C
C,C
B,A
A,A
A,D
B,B
