Correct Choice,llama3-8b
A,C
C,C
A,A
D,D
C,C
A,A
C,C
C,C
C,C
B,B
C,B
A,A
C,C
D,D
C,B
B,B
D,D
C,C
A,A
C,C
D,D
A,A
D,D
A,A
C,C
D,D
D,D
D,D
C,C
D,D
C,C
D,D
B,B
D,D
C,C
C,C
B,B
D,D
D,A
A,B
C,C
D,D
C,C
D,D
D,D
B,B
D,D
B,B
A,A
D,D
C,C
A,A
B,B
C,A
B,B
C,C
C,C
A,A
C,C
C,C
B,B
A,B
C,C
C,C
C,C
B,B
A,A
C,C
C,C
A,A
A,A
D,D
D,B
C,C
A,A
D,D
D,D
A,A
B,B
C,C
C,C
B,B
D,D
A,A
B,B
C,D
B,B
B,B
D,D
B,B
A,A
B,B
C,C
C,C
A,A
C,B
D,D
A,A
B,A
D,D
D,D
C,B
A,A
