Correct Choice,llama2:7b-1
B,B
C,C
C,_
A,A
B,B
A,A
B,B
A,A
A,A
B,B
D,D
A,A
A,A
A,A
D,D
A,A
D,D
B,B
C,C
D,D
C,C
B,B
B,B
C,C
A,A
B,B
D,D
C,C
B,B
A,A
D,D
B,B
B,B
C,C
A,A
B,B
A,A
A,A
A,A
C,C
B,B
B,B
C,C
B,B
C,C
B,B
A,A
C,C
D,D
A,A
B,B
B,B
C,C
D,D
A,A
B,B
B,B
D,D
B,B
B,B
D,D
C,C
B,B
B,B
C,C
C,C
C,C
A,A
B,B
A,A
B,B
D,D
A,A
D,D
B,B
B,B
C,C
C,C
B,B
C,C
C,C
D,D
D,D
C,C
A,A
B,B
D,D
A,A
D,D
D,D
A,A
B,B
A,A
C,C
D,D
A,A
C,C
B,B
C,C
B,B
C,C
D,D
A,A
D,D
A,A
C,C
B,B
B,B
B,B
B,B
B,B
B,B
C,C
A,A
B,B
B,B
A,A
A,A
A,A
A,A
A,A
B,B
A,A
D,D
A,A
C,C
C,C
A,A
A,A
A,A
B,B
D,D
D,D
A,B
B,B
C,C
B,B
C,C
A,A
D,D
C,C
C,C
A,A
A,A
C,C
C,C
B,B
B,B
C,C
A,A
A,A
B,B
B,B
C,C
D,D
B,B
D,D
C,C
C,_
B,B
B,B
A,A
C,C
D,D
A,A
D,D
D,D
C,C
C,C
B,B
C,C
B,B
C,C
B,B
A,A
C,C
C,C
A,_
B,B
B,B
A,A
C,C
C,C
C,C
B,B
B,B
B,B
D,D
A,A
D,D
C,C
A,A
C,C
A,A
C,C
B,B
C,C
D,D
C,C
A,A
B,B
C,C
C,C
C,C
B,B
B,B
B,B
D,D
A,A
D,D
A,A
B,B
B,B
C,C
B,B
A,A
A,A
B,B
C,C
B,B
D,D
B,B
C,C
B,B
C,C
B,B
B,B
D,D
C,C
B,B
A,A
B,B
C,C
D,D
A,A
B,_
A,A
C,C
D,D
A,A
B,B
C,C
C,C
D,D
A,A
D,_
D,D
D,D
A,A
D,D
B,B
A,A
D,D
C,C
B,B
C,C
C,C
D,A
B,B
A,A
C,C
C,C
D,D
B,B
D,D
C,C
A,A
C,_
A,A
A,A
A,A
B,B
A,A
D,D
C,C
C,C
C,C
C,C
D,_
C,_
D,D
B,B
B,B
C,C
C,C
A,A
B,B
B,B
A,A
C,C
D,D
A,A
D,D
A,A
D,D
B,B
C,C
B,B
D,D
D,D
D,_
D,D
A,A
B,B
B,B
C,_
C,C
A,A
D,D
B,B
A,A
C,C
C,C
B,B
A,A
A,A
B,B
A,_
D,D
D,D
A,A
C,C
B,B
A,A
D,D
D,D
C,_
