Correct Choice,llama2:13b-Q4
B,B
C,C
C,B
C,_
A,A
B,B
A,B
B,B
A,A
B,B
A,A
B,B
D,D
A,A
A,A
A,A
A,A
D,D
A,A
D,D
B,B
C,C
D,D
C,C
B,B
B,B
C,C
A,B
B,B
D,D
C,C
B,B
A,A
D,D
B,B
B,B
B,B
C,C
A,A
B,B
A,A
A,A
A,A
C,C
B,B
B,B
C,C
B,B
C,C
B,B
A,A
C,C
D,D
A,A
B,B
B,B
C,C
D,D
A,B
B,B
B,B
D,D
B,B
B,B
D,D
C,C
B,B
B,B
C,C
C,C
B,B
C,C
A,B
B,B
A,A
B,B
D,D
A,A
D,D
B,B
B,B
C,C
C,C
B,B
B,B
C,_
C,C
D,D
D,D
C,C
A,A
B,B
D,D
A,B
D,D
D,D
A,A
B,B
A,A
C,C
D,A
A,A
C,C
B,B
C,C
B,B
C,C
D,D
A,A
D,D
A,A
C,C
B,B
B,B
B,B
B,B
B,B
B,B
C,D
A,A
B,B
B,B
A,A
A,A
A,A
A,A
A,A
B,B
A,B
D,_
A,B
C,C
C,C
A,_
A,A
A,A
B,B
D,D
D,D
A,B
B,B
C,C
B,B
C,C
A,A
D,D
C,C
C,C
A,B
A,A
C,C
C,B
C,C
B,B
B,B
C,C
A,B
A,A
B,B
B,B
C,C
D,D
B,B
D,D
C,C
C,C
B,B
B,B
A,_
C,C
D,D
A,A
D,D
D,D
C,C
C,C
B,B
C,C
B,B
C,C
B,B
A,A
C,C
B,B
C,C
A,A
B,B
B,B
A,A
C,C
C,C
C,C
B,B
B,B
B,B
D,D
A,B
D,D
C,A
C,C
A,A
C,C
A,B
C,_
B,B
C,C
D,D
C,C
A,A
B,B
C,C
C,C
D,D
C,C
C,C
B,_
B,B
B,B
D,D
A,A
D,D
A,B
C,C
B,B
B,B
C,C
B,B
A,A
A,_
B,B
C,_
B,B
D,D
B,B
C,C
B,B
C,C
B,B
B,B
D,D
C,C
B,B
A,A
B,B
C,C
D,D
A,A
B,B
A,A
C,C
D,D
D,D
A,A
B,B
C,C
C,C
D,D
A,B
D,D
D,D
D,D
A,A
D,D
B,B
A,A
D,D
C,C
B,B
C,C
C,C
D,_
B,B
A,A
C,C
C,C
D,D
B,B
C,C
D,D
C,C
A,B
C,C
A,A
A,A
A,B
B,B
D,D
A,B
D,D
C,C
C,C
C,D
C,_
C,C
D,D
C,C
D,D
D,D
B,B
B,B
C,C
A,B
C,C
A,_
B,B
B,B
A,A
C,C
D,D
A,A
D,D
A,A
D,D
B,B
C,C
C,C
B,B
D,D
D,D
C,C
D,D
D,D
A,A
B,B
B,B
C,_
C,C
A,A
D,D
B,B
A,A
C,C
C,C
B,B
A,A
A,B
B,A
A,A
D,D
C,C
D,D
A,B
A,A
C,C
B,B
C,C
A,A
D,D
C,C
D,D
C,C
