Correct Choice,llama2:7b
A,A
D,D
B,B
A,A
C,C
D,X
D,D
C,D
D,D
C,B
D,D
D,D
C,C
C,C
C,X
C,C
B,B
D,D
C,A
C,D
B,X
C,X
C,C
C,C
D,D
B,A
C,C
D,D
C,C
B,B
A,A
C,C
B,B
B,A
D,A
B,B
D,A
D,B
A,A
C,C
C,C
B,B
D,B
B,B
D,A
C,C
B,B
D,B
D,D
B,B
D,D
C,C
D,D
D,B
B,B
B,B
A,A
B,B
A,A
D,D
D,D
C,B
A,A
B,C
D,A
A,A
B,A
B,B
D,D
D,D
A,C
B,A
A,A
D,X
C,D
B,B
D,D
D,D
D,D
D,A
C,X
A,A
B,B
D,D
A,B
B,B
B,A
A,A
C,C
A,C
C,A
C,A
D,D
B,A
B,B
C,C
C,C
D,B
D,D
D,D
C,D
C,B
A,A
B,B
D,D
C,X
C,C
D,D
D,A
C,A
A,C
A,C
C,C
B,B
B,X
A,A
C,C
C,C
D,D
A,_
A,A
D,D
B,B
D,D
C,D
C,C
B,B
C,X
B,B
A,A
B,B
A,A
C,C
D,A
D,B
A,A
B,B
B,B
B,B
B,X
D,C
B,X
D,B
B,C
B,B
D,D
B,B
D,D
A,A
A,A
D,D
B,B
D,D
A,A
B,B
B,B
B,B
A,A
A,A
B,A
B,B
D,D
C,C
A,B
D,A
B,B
A,A
A,A
C,C
A,B
C,C
A,A
D,A
C,C
A,A
B,A
D,D
A,X
C,B
C,C
B,B
B,A
B,C
C,X
A,A
B,B
C,C
D,B
D,C
B,B
A,A
A,A
A,A
C,C
D,X
B,B
C,B
A,A
A,C
D,A
D,D
D,D
C,B
B,B
D,D
C,C
B,B
D,D
D,D
D,A
D,D
A,A
B,B
D,X
C,C
A,A
B,D
B,B
B,B
D,D
C,C
D,A
A,A
D,X
A,A
A,A
D,X
A,A
A,B
D,C
C,C
D,D
A,A
A,X
C,A
B,B
A,C
C,C
A,A
B,X
A,A
A,C
D,B
B,D
A,A
C,C
A,X
C,C
B,B
A,A
A,A
B,B
B,D
C,B
B,B
C,B
C,C
C,B
A,A
D,C
A,A
A,A
A,A
D,A
B,B
B,B
B,B
C,C
A,D
A,A
A,A
D,D
B,B
A,C
D,D
C,C
D,D
D,D
D,D
D,D
C,B
D,D
D,A
D,C
D,D
D,A
D,D
D,A
D,D
D,D
C,X
B,A
C,B
A,A
B,B
B,B
D,X
D,D
C,C
A,A
B,B
D,D
B,B
A,C
C,C
A,A
B,B
D,X
A,X
D,D
A,C
C,C
C,X
C,C
D,A
C,C
B,B
A,A
A,A
B,B
B,A
D,A
D,D
A,A
C,C
C,C
B,X
D,D
C,C
C,C
B,C
C,C
D,D
D,D
B,A
A,X
D,D
A,A
D,A
B,B
D,C
A,A
D,D
B,B
B,B
C,C
B,B
C,C
A,A
A,A
B,B
C,C
C,C
C,C
D,C
B,B
B,B
D,B
D,D
C,C
B,B
A,X
B,B
B,A
A,A
D,D
C,A
C,B
B,B
A,A
C,X
C,C
A,A
B,B
B,B
B,B
A,X
B,C
C,C
B,B
A,A
D,C
C,C
C,C
D,B
C,C
C,X
C,C
B,B
B,X
B,B
B,X
A,A
D,A
D,D
B,B
A,A
C,B
D,D
C,B
C,C
B,B
B,A
D,D
C,C
D,D
C,C
C,C
C,C
D,C
C,C
A,C
A,A
D,D
C,C
D,C
A,A
B,B
B,B
D,D
C,C
A,A
B,X
B,B
C,C
A,D
D,C
A,A
B,B
D,A
C,X
C,B
B,B
C,C
B,A
C,C
D,D
D,D
C,C
B,B
B,B
C,B
A,A
B,C
A,C
C,C
C,C
C,C
B,B
A,D
C,C
A,C
C,D
D,C
D,D
A,A
B,B
D,C
C,C
D,D
A,A
A,D
A,A
C,B
C,B
D,B
B,B
D,D
D,C
B,D
B,B
B,B
A,A
D,D
D,A
A,B
B,X
C,A
A,C
D,B
C,A
D,C
B,B
D,C
D,D
D,D
C,C
A,A
A,C
C,X
B,B
A,B
A,A
A,A
C,C
C,X
D,X
C,X
B,B
D,X
B,B
D,D
D,D
B,B
B,B
D,B
B,B
C,C
D,A
C,C
B,B
A,C
D,D
A,A
A,A
B,C
C,X
C,C
A,A
A,B
B,B
B,B
D,A
B,X
A,A
B,X
A,D
A,A
C,B
D,D
D,B
C,C
A,A
A,A
B,X
B,B
B,X
C,C
B,B
A,A
C,C
B,D
A,A
A,A
D,D
D,D
D,A
C,D
D,A
C,C
C,X
C,D
C,B
C,C
B,B
D,D
C,C
B,B
C,B
A,B
D,D
D,D
A,A
D,D
B,B
A,A
C,C
C,C
C,C
A,X
C,C
A,A
C,C
C,C
D,B
B,B
B,D
B,A
A,X
D,X
D,D
A,A
D,D
C,D
D,B
B,A
C,C
B,B
D,X
D,D
D,D
C,C
D,D
A,A
B,B
C,C
A,A
D,X
B,B
D,D
A,C
A,A
C,X
D,D
B,X
A,A
C,C
D,A
B,B
D,D
A,B
A,A
A,A
D,D
B,B
A,C
A,A
C,C
B,B
D,D
B,X
A,A
C,X
A,A
C,C
D,D
A,C
D,B
D,D
D,D
B,B
A,A
C,A
C,C
A,B
A,A
C,C
C,B
C,X
B,B
D,D
A,A
C,C
B,B
B,B
D,C
C,C
D,D
B,B
A,D
D,D
A,B
D,A
B,A
D,A
B,A
D,D
A,D
A,A
B,B
C,C
C,C
B,B
C,C
D,C
B,B
A,A
C,X
C,C
C,C
D,C
D,D
A,A
C,C
D,D
B,B
C,C
C,C
B,B
D,D
D,D
B,B
A,A
A,A
D,D
A,A
A,A
A,A
A,A
D,D
C,C
A,A
D,D
A,A
B,B
D,D
C,C
C,B
C,C
C,B
C,A
D,A
B,B
C,B
A,A
C,D
B,B
A,A
C,C
D,D
C,C
A,A
B,B
C,A
A,A
B,B
B,B
B,B
C,C
C,C
A,A
A,A
A,A
D,C
A,A
A,B
A,D
C,C
A,X
C,B
B,B
A,A
A,B
C,C
D,B
A,B
D,D
C,C
D,C
C,C
A,A
B,B
C,C
C,X
A,A
C,C
B,B
C,B
C,C
B,B
D,D
C,C
B,A
C,C
D,D
A,B
D,C
B,B
A,X
D,A
C,A
B,X
B,B
D,D
D,C
D,D
C,C
A,A
A,A
D,D
D,D
C,C
D,D
D,X
B,C
A,C
B,B
D,A
B,B
A,C
B,D
C,C
C,C
B,B
A,A
D,D
B,B
D,B
B,B
D,A
A,B
D,A
A,A
D,B
A,A
B,B
C,A
B,B
A,B
A,A
C,C
D,A
B,B
C,C
C,C
B,D
D,D
B,B
B,B
A,X
C,A
B,X
B,B
D,A
A,A
B,B
B,A
C,B
A,A
A,A
C,B
C,B
A,A
A,A
D,A
A,A
C,X
B,B
D,X
C,C
A,B
C,C
D,D
D,A
C,C
C,X
B,B
B,X
D,D
D,A
D,D
B,B
D,D
D,A
A,D
B,B
C,C
A,A
C,A
C,C
D,D
C,D
A,A
A,A
D,X
D,D
D,B
A,A
B,D
B,A
D,B
D,A
B,B
B,B
D,B
A,A
C,C
C,X
C,B
D,A
A,A
C,A
A,A
A,B
B,B
A,A
D,C
A,A
C,X
C,X
B,B
C,C
A,A
B,B
B,B
C,C
B,B
C,C
D,D
A,A
C,B
C,D
D,A
A,A
C,C
D,X
D,D
C,C
D,B
B,B
D,C
A,A
B,B
C,X
C,C
B,X
D,B
B,B
A,A
B,B
D,B
D,B
B,B
D,B
D,B
C,C
C,C
C,A
B,A
A,A
D,D
A,A
D,B
D,B
C,C
D,D
C,X
B,A
D,A
A,A
A,X
C,C
C,D
A,A
A,A
D,X
C,C
A,C
A,A
C,C
B,X
C,A
D,D
A,A
B,B
B,B
C,C
A,A
B,D
D,D
B,B
A,A
B,B
D,D
C,X
D,D
C,A
B,A
A,A
A,D
D,C
C,X
A,A
C,C
A,A
B,D
A,A
B,X
B,B
A,A
C,C
A,A
C,A
D,D
C,C
C,X
B,B
B,B
A,B
A,A
A,A
A,A
C,C
A,A
C,A
B,B
D,D
D,X
A,A
C,C
C,A
C,C
B,X
B,B
C,X
B,B
D,A
C,C
C,X
C,C
D,B
D,B
B,B
C,B
A,D
D,D
D,D
C,C
A,A
C,D
D,C
B,B
B,B
D,B
D,D
C,X
C,C
A,X
A,A
C,C
A,A
C,C
D,D
D,D
C,C
B,B
D,D
B,A
A,B
A,A
C,X
D,A
D,B
A,A
A,A
A,A
B,X
A,A
D,D
B,A
D,D
D,A
C,B
A,A
B,D
D,D
B,A
D,B
B,B
D,X
D,D
C,C
C,C
B,A
D,D
C,A
C,B
A,A
B,B
A,A
A,A
C,C
B,B
D,X
A,D
D,A
D,D
B,B
C,C
D,D
A,A
B,B
B,C
C,C
D,A
C,C
C,C
C,C
A,D
C,C
D,D
A,A
D,D
B,A
A,A
B,B
A,A
B,B
B,B
D,B
D,X
C,X
D,B
B,B
A,A
D,D
D,B
D,A
C,C
D,D
D,D
D,A
B,B
B,B
D,D
D,D
C,A
A,B
C,X
B,B
C,C
B,B
A,C
D,B
D,D
A,A
C,C
B,B
B,B
C,C
A,C
A,A
C,X
C,C
D,C
D,A
D,D
A,A
C,A
B,B
D,B
D,D
D,D
C,C
D,D
C,C
A,A
C,C
B,A
A,A
A,A
A,A
D,D
B,B
A,A
C,B
B,X
A,A
A,A
C,C
C,A
A,A
C,C
A,D
A,A
C,C
A,A
A,X
C,C
C,A
D,D
D,X
D,C
A,B
A,A
D,B
C,C
A,A
B,B
A,A
C,X
D,D
D,X
B,B
D,A
B,B
D,X
D,D
D,B
D,D
A,D
B,B
C,C
B,B
B,A
A,A
D,D
B,B
B,A
D,D
C,A
C,C
A,B
D,A
A,A
A,B
D,D
B,A
C,C
D,D
C,C
A,A
D,D
A,A
D,D
B,B
D,D
B,B
D,D
D,D
B,X
B,B
D,A
A,A
A,A
B,A
B,B
C,C
B,X
C,D
B,B
B,B
D,X
B,A
C,X
A,B
D,X
C,C
D,B
A,A
D,D
B,B
B,A
D,C
D,A
B,B
D,D
C,X
A,B
A,A
D,D
A,A
D,B
A,A
B,B
D,A
A,A
B,B
A,A
C,C
A,A
A,A
D,D
D,D
C,C
B,B
B,B
C,C
B,B
D,C
C,C
B,B
A,A
A,A
B,B
B,B
D,D
B,B
D,A
B,B
D,D
B,B
B,A
B,B
A,B
A,A
C,C
D,C
C,C
C,C
B,B
C,C
C,C
C,C
C,C
B,B
A,A
C,X
B,C
C,C
C,C
B,A
D,A
A,B
D,C
B,B
C,C
B,B
C,C
B,B
A,A
C,C
D,C
A,A
B,B
B,B
A,A
C,C
C,C
A,A
A,X
B,X
C,C
B,C
C,C
D,D
B,B
D,D
B,A
C,C
C,C
C,C
A,A
C,C
B,D
C,C
C,C
C,B
A,A
C,B
C,B
A,A
C,C
A,B
A,A
B,B
C,X
C,A
C,A
C,A
A,A
B,A
B,B
B,A
A,A
D,A
C,B
A,A
D,D
A,X
B,B
A,A
B,A
B,A
C,A
C,B
B,X
C,C
C,C
D,A
B,B
A,X
D,A
C,C
C,X
B,B
A,A
B,X
C,C
A,D
A,X
B,B
B,A
D,D
A,A
C,C
A,B
D,D
D,D
D,D
B,B
A,A
B,C
D,A
B,B
A,A
A,A
A,A
C,A
B,D
D,D
D,D
C,C
A,A
D,C
D,D
B,A
D,A
A,A
A,A
B,A
B,A
D,D
A,A
A,C
B,B
D,A
D,B
A,A
B,B
B,X
B,B
C,C
B,B
C,X
D,A
C,C
D,X
A,A
B,X
C,B
C,D
B,B
B,C
D,A
B,B
B,B
C,C
A,A
B,B
A,A
A,A
C,B
D,B
B,A
D,X
A,A
C,X
B,D
C,C
B,X
D,B
A,A
B,B
D,B
A,A
B,B
A,B
A,C
D,D
C,C
C,C
A,A
D,X
D,A
B,C
A,C
B,B
B,B
B,A
A,C
B,B
B,B
A,B
D,D
A,A
D,D
C,C
D,X
A,A
A,A
A,A
C,C
D,C
B,D
D,B
B,X
D,D
C,C
B,B
B,B
B,X
C,C
B,C
C,X
A,A
C,B
A,X
D,D
D,B
B,B
D,D
A,A
C,C
C,A
D,A
A,D
D,D
C,C
D,D
B,B
B,B
B,B
B,B
C,X
A,A
D,D
B,C
A,A
A,A
A,X
C,C
A,A
B,C
D,D
A,A
B,C
A,A
B,B
A,A
C,C
C,X
A,A
A,A
B,B
D,D
B,B
D,D
B,B
C,C
A,A
A,A
B,A
B,B
D,C
C,B
D,A
D,D
D,D
B,C
B,B
A,A
D,X
A,A
A,B
B,B
C,C
D,X
B,X
C,X
D,X
C,C
B,B
C,C
C,C
A,C
C,C
A,C
C,C
D,X
C,C
D,D
A,X
A,A
D,D
B,B
C,C
A,X
C,C
A,A
C,C
B,B
A,X
C,C
D,X
D,D
D,C
C,X
A,A
B,B
A,A
D,D
C,C
A,A
B,B
A,A
A,D
C,B
D,B
C,C
B,B
A,C
D,D
A,C
B,A
A,A
A,A
B,B
C,C
C,C
D,D
D,D
B,B
D,D
D,D
D,A
B,B
D,D
C,C
D,B
C,C
A,A
C,C
D,X
C,C
B,B
A,A
D,C
B,X
B,B
A,A
D,D
B,B
B,X
C,A
C,A
D,D
A,A
C,C
D,B
D,A
A,A
D,B
B,B
A,A
D,D
D,A
A,A
A,A
C,C
B,B
B,B
B,D
B,X
C,B
B,B
A,B
D,D
C,C
D,A
C,C
D,D
A,A
A,A
D,C
B,B
B,B
B,B
C,C
C,C
C,B
A,B
A,C
A,A
A,A
B,B
A,A
C,C
B,B
D,D
C,A
C,B
A,A
B,B
D,A
A,A
A,A
B,C
A,X
D,C
B,B
D,C
D,D
D,X
A,A
B,B
D,D
B,B
B,A
D,D
C,B
D,D
D,A
C,C
C,D
D,B
A,C
C,C
A,A
B,B
D,D
C,X
A,B
A,A
D,D
C,C
A,A
C,X
A,A
D,C
C,C
D,B
C,X
C,C
B,B
A,X
A,D
B,X
