Correct Choice,llama3.1-8b-epoch0
A,A
D,D
B,B
A,A
C,C
D,C
D,D
C,C
D,D
C,C
D,A
D,D
C,C
C,C
C,C
C,C
B,B
D,_
C,C
C,C
B,B
C,C
C,C
C,C
D,D
B,A
C,_
D,_
C,A
B,B
A,A
C,C
B,B
B,B
D,D
B,B
D,D
D,B
A,A
C,C
C,D
B,B
D,B
B,B
D,C
C,C
B,B
D,D
D,D
B,B
D,D
C,C
D,D
D,C
B,B
B,_
A,A
B,B
A,A
D,D
D,D
C,D
A,A
B,B
D,_
A,A
B,A
B,B
D,D
D,D
A,B
B,B
A,A
D,A
C,C
B,B
D,_
D,D
D,D
D,B
C,C
A,A
B,_
D,D
A,D
B,B
B,C
A,A
C,C
A,B
C,C
C,A
D,D
B,B
B,B
C,C
C,C
D,C
D,D
D,D
C,C
C,B
A,A
B,_
D,D
C,C
C,C
D,_
D,_
C,A
A,C
A,C
C,C
B,B
B,B
A,A
C,C
C,D
D,D
A,A
A,A
D,D
B,B
D,D
C,C
C,C
B,A
C,C
B,B
A,A
B,B
A,A
C,C
D,D
D,D
A,A
B,B
B,_
B,B
B,C
D,C
B,B
D,D
B,B
B,B
D,D
B,_
D,A
A,A
A,A
D,D
B,B
D,D
A,A
B,B
B,B
B,B
A,A
A,A
B,B
B,B
D,D
C,D
A,D
D,D
B,C
A,A
A,A
C,B
A,_
C,C
A,A
D,D
C,C
A,A
B,D
D,D
A,_
C,B
C,C
B,B
B,B
B,B
C,B
A,A
B,B
C,C
D,A
D,D
B,B
A,A
A,A
A,A
C,C
D,A
B,B
C,C
A,_
A,C
D,D
D,D
D,D
C,B
B,B
D,D
C,C
B,B
D,D
D,_
D,_
D,D
A,A
B,B
D,_
C,C
A,A
B,B
B,C
B,B
D,D
C,C
D,A
A,B
D,D
A,A
A,A
D,A
A,B
A,A
D,D
C,C
D,D
A,A
A,_
C,C
B,D
A,A
C,C
A,A
B,_
A,A
A,C
D,D
B,B
A,A
C,C
A,C
C,C
B,B
A,A
A,_
B,B
B,B
C,D
B,B
C,_
C,C
C,C
A,D
D,D
A,D
A,A
A,A
D,D
B,_
B,B
B,B
C,C
A,A
A,A
A,_
D,D
B,B
A,C
D,D
C,C
D,D
D,D
D,D
D,D
C,A
D,D
D,D
D,D
D,D
D,D
D,D
D,D
D,D
D,D
C,C
B,D
C,B
A,A
B,A
B,A
D,D
D,D
C,C
A,A
B,B
D,D
B,B
A,D
C,C
A,A
B,C
D,C
A,A
D,D
A,A
C,C
C,D
C,C
D,D
C,C
B,B
A,D
A,A
B,B
B,A
D,D
D,D
A,_
C,C
C,C
B,B
D,B
C,C
C,C
B,B
C,_
D,D
D,C
B,A
A,A
D,D
A,A
D,D
B,_
D,A
A,A
D,D
B,B
B,A
C,C
B,B
C,C
A,A
A,A
B,B
C,C
C,C
C,C
D,D
B,B
B,B
D,D
D,D
C,C
B,B
A,A
B,B
B,B
A,D
D,B
C,_
C,B
B,_
A,A
C,C
C,C
A,A
B,B
B,B
B,_
A,B
B,B
C,C
B,B
A,A
D,D
C,C
C,C
D,D
C,D
C,C
C,C
B,B
B,B
B,B
B,B
A,A
D,D
D,D
B,D
A,A
C,C
D,D
C,D
C,C
B,B
B,B
D,D
C,C
D,D
C,C
C,C
C,C
D,C
C,C
A,A
A,A
D,_
C,C
D,D
A,_
B,B
B,B
D,D
C,C
A,A
B,A
B,B
C,C
A,A
D,B
A,A
B,B
D,D
C,C
C,C
B,B
C,C
B,A
C,_
D,D
D,D
C,B
B,_
B,B
C,C
A,D
B,B
A,B
C,C
C,C
C,C
B,B
A,A
C,C
A,B
C,C
D,_
D,D
A,A
B,C
D,C
C,C
D,D
A,A
A,A
A,A
C,C
C,A
D,D
B,B
D,D
D,D
B,C
B,B
B,B
A,A
D,D
D,D
A,B
B,B
C,C
A,C
D,D
C,C
D,D
B,B
D,D
D,_
D,D
C,C
A,A
A,A
C,C
B,B
A,A
A,A
A,A
C,C
C,C
D,D
C,C
B,B
D,D
B,B
D,D
D,D
B,B
B,B
D,D
B,B
C,C
D,D
C,C
B,B
A,C
D,_
A,A
A,A
B,B
C,C
C,_
A,A
A,C
B,B
B,B
D,_
B,B
A,A
B,B
A,_
A,A
C,_
D,D
D,A
C,C
A,A
A,A
B,B
B,B
B,B
C,_
B,B
A,A
C,C
B,B
A,A
A,_
D,D
D,D
D,D
C,C
D,A
C,C
C,C
C,D
C,B
C,C
B,B
D,D
C,C
B,B
C,B
A,A
D,D
D,D
A,A
D,D
B,B
A,B
C,C
C,C
C,C
A,D
C,B
A,A
C,C
C,C
D,D
B,B
B,B
B,C
A,C
D,D
D,D
A,A
D,D
C,A
D,D
B,B
C,C
B,B
D,_
D,D
D,D
C,_
D,_
A,A
B,B
C,C
A,_
D,D
B,B
D,D
A,A
A,D
C,D
D,D
B,B
A,A
C,C
D,D
B,B
D,D
A,_
A,A
A,A
D,D
B,A
A,A
A,A
C,C
B,B
D,D
B,B
A,A
C,C
A,A
C,C
D,D
A,A
D,A
D,_
D,D
B,B
A,D
C,C
C,C
A,C
A,A
C,C
C,C
C,C
B,B
D,D
A,A
C,C
B,B
B,B
D,D
C,C
D,D
B,B
A,_
D,C
A,C
D,D
B,B
D,B
B,D
D,_
A,D
A,A
B,B
C,C
C,C
B,B
C,C
D,D
B,_
A,A
C,C
C,C
C,C
D,D
D,D
A,A
C,C
D,D
B,A
C,C
C,C
B,_
D,D
D,_
B,B
A,A
A,A
D,D
A,A
A,_
A,A
A,A
D,D
C,C
A,A
D,D
A,A
B,B
D,D
C,C
C,C
C,C
C,D
C,C
D,D
B,A
C,A
A,C
C,C
B,B
A,_
C,_
D,D
C,C
A,D
B,A
C,C
A,A
B,B
B,_
B,B
C,C
C,C
A,A
A,A
A,A
D,D
A,A
A,B
A,A
C,C
A,A
C,C
B,C
A,A
A,C
C,_
D,D
A,B
D,D
C,_
D,D
C,C
A,A
B,B
C,C
C,C
A,A
C,C
B,B
C,C
C,C
B,B
D,D
C,C
B,B
C,C
D,D
A,A
D,D
B,B
A,A
D,A
C,C
B,B
B,B
D,D
D,D
D,_
C,C
A,_
A,A
D,D
D,D
C,C
D,D
D,D
B,B
A,D
B,B
D,D
B,B
A,D
B,B
C,C
C,D
B,B
A,A
D,D
B,B
D,D
B,B
D,D
A,B
D,_
A,A
D,A
A,B
B,B
C,D
B,B
A,A
A,A
C,_
D,D
B,B
C,C
C,A
B,D
D,D
B,B
B,B
A,_
C,C
B,B
B,B
D,D
A,A
B,B
B,B
C,C
A,A
A,A
C,C
C,_
A,A
A,A
D,D
A,_
C,C
B,B
D,B
C,C
A,_
C,C
D,D
D,D
C,C
C,C
B,A
B,B
D,D
D,D
D,_
B,B
D,D
D,A
A,_
B,B
C,C
A,A
C,C
C,C
D,D
C,A
A,C
A,A
D,C
D,D
D,B
A,A
B,A
B,B
D,D
D,D
B,B
B,B
D,C
A,_
C,C
C,C
C,C
D,C
A,A
C,C
A,A
A,D
B,B
A,D
D,D
A,_
C,A
C,C
B,B
C,C
A,A
B,B
B,B
C,C
B,B
C,C
D,D
A,A
C,C
C,A
D,D
A,C
C,C
D,D
D,D
C,C
D,B
B,B
D,D
A,B
B,B
C,B
C,C
B,B
D,D
B,B
A,A
B,B
D,D
D,D
B,B
D,D
D,_
C,B
C,C
C,C
B,B
A,A
D,D
A,A
D,B
D,D
C,C
D,D
C,C
B,A
D,D
A,A
A,A
C,D
C,C
A,A
A,A
D,D
C,C
A,A
A,A
C,C
B,B
C,C
D,D
A,A
B,B
B,B
C,D
A,A
B,C
D,C
B,B
A,A
B,B
D,D
C,B
D,D
C,C
B,_
A,A
A,A
D,D
C,C
A,A
C,C
A,_
B,B
A,A
B,B
B,B
A,A
C,C
A,D
C,D
D,A
C,C
C,A
B,B
B,B
A,A
A,A
A,A
A,A
C,_
A,A
C,A
B,B
D,D
D,_
A,A
C,_
C,C
C,C
B,B
B,C
C,C
B,B
D,D
C,_
C,C
C,_
D,B
D,_
B,B
C,C
A,A
D,D
D,D
C,C
A,A
C,D
D,D
B,B
B,B
D,D
D,D
C,C
C,C
A,A
A,A
C,C
A,A
C,C
D,D
D,D
C,C
B,_
D,D
B,B
A,C
A,_
C,C
D,_
D,A
A,A
A,A
A,A
B,B
A,A
D,D
B,D
D,D
D,D
C,C
A,A
B,_
D,D
B,_
D,A
B,B
D,D
D,D
C,C
C,_
B,A
D,D
C,C
C,A
A,B
B,B
A,A
A,A
C,D
B,B
D,_
A,A
D,D
D,D
B,B
C,C
D,D
A,A
B,B
B,B
C,C
D,D
C,C
C,C
C,C
A,_
C,C
D,D
A,A
D,D
B,_
A,_
B,B
A,B
B,B
B,B
D,D
D,D
C,C
D,_
B,B
A,A
D,D
D,D
D,A
C,C
D,D
D,D
D,D
B,B
B,B
D,D
D,_
C,A
A,A
C,_
B,B
C,_
B,B
A,A
D,D
D,_
A,A
C,C
B,C
B,B
C,C
A,C
A,_
C,C
C,C
D,C
D,D
D,D
A,A
C,C
B,B
D,D
D,D
D,D
C,C
D,D
C,_
A,A
C,C
B,B
A,A
A,C
A,A
D,D
B,B
A,A
C,C
B,B
A,A
A,A
C,C
C,C
A,A
C,C
A,A
A,A
C,C
A,_
A,A
C,C
C,C
D,D
D,A
D,D
A,A
A,A
D,D
C,C
A,A
B,B
A,A
C,C
D,D
D,C
B,B
D,D
B,B
D,D
D,D
D,D
D,_
A,A
B,_
C,C
B,B
B,_
A,A
D,D
B,B
B,C
D,D
C,_
C,B
A,A
D,A
A,A
A,D
D,D
B,A
C,C
D,D
C,C
A,A
D,D
A,A
D,D
B,B
D,_
B,B
D,D
D,D
B,B
B,B
D,D
A,A
A,A
B,A
B,B
C,C
B,B
C,D
B,B
B,B
D,D
B,B
C,C
A,A
D,D
C,C
D,D
A,A
D,D
B,B
B,B
D,D
D,A
B,B
D,D
C,C
A,B
A,A
D,D
A,A
D,D
A,_
B,B
D,D
A,A
B,B
A,A
C,C
A,A
A,A
D,D
D,D
C,C
B,B
B,D
C,_
B,_
D,D
C,C
B,B
A,D
A,A
B,B
B,B
D,D
B,B
D,D
B,B
D,D
B,B
B,C
B,B
A,A
A,A
C,D
D,D
C,C
C,C
B,B
C,C
C,C
C,C
C,C
B,B
A,A
C,_
B,B
C,C
C,C
B,_
D,D
A,A
D,C
B,B
C,C
B,B
C,C
B,B
A,A
C,B
D,D
A,A
B,B
B,B
A,A
C,C
C,C
A,A
A,A
B,B
C,C
B,A
C,C
D,D
B,B
D,D
B,B
C,C
C,C
C,_
A,A
C,C
B,D
C,C
C,C
C,_
A,A
C,B
C,D
A,A
C,C
A,_
A,A
B,B
C,C
C,D
C,C
C,D
A,C
B,C
B,B
B,B
A,A
D,D
C,B
A,A
D,D
A,A
B,B
A,A
B,B
B,A
C,D
C,C
B,C
C,C
C,C
D,D
B,B
A,A
D,C
C,C
C,D
B,B
A,A
B,C
C,C
A,D
A,A
B,B
B,B
D,D
A,C
C,C
A,A
D,D
D,D
D,D
B,B
A,A
B,C
D,C
B,_
A,A
A,A
A,D
C,C
B,D
D,D
D,D
C,C
A,A
D,D
D,D
B,B
D,_
A,_
A,A
B,C
B,B
D,D
A,A
A,D
B,A
D,D
D,D
A,A
B,B
B,B
B,B
C,C
B,B
C,C
D,D
C,C
D,D
A,A
B,B
C,C
C,C
B,B
B,B
D,D
B,B
B,C
C,C
A,A
B,B
A,A
A,D
C,D
D,D
B,B
D,D
A,_
C,C
B,B
C,C
B,B
D,D
A,A
B,B
D,D
A,A
B,A
A,C
A,A
D,D
C,C
C,C
A,A
D,A
D,D
B,B
A,C
B,B
B,B
B,B
A,_
B,B
B,B
A,A
D,D
A,A
D,D
C,C
D,D
A,_
A,A
A,A
C,C
D,D
B,D
D,D
B,B
D,D
C,C
B,B
B,B
B,B
C,C
B,A
C,C
A,A
C,D
A,A
D,D
D,B
B,B
D,D
A,C
C,C
C,A
D,A
A,A
D,D
C,_
D,D
B,B
B,B
B,B
B,B
C,C
A,A
D,D
B,A
A,A
A,A
A,A
C,C
A,A
B,B
D,D
A,A
B,B
A,C
B,B
A,A
C,C
C,B
A,A
A,A
B,B
D,D
B,B
D,D
B,B
C,C
A,_
A,A
B,B
B,B
D,D
C,C
D,D
D,D
D,D
B,B
B,B
A,A
D,D
A,A
A,A
B,B
C,C
D,D
B,B
C,C
D,D
C,C
B,D
C,C
C,_
A,C
C,C
A,_
C,C
D,D
C,C
D,D
A,B
A,A
D,D
B,B
C,C
A,A
C,C
A,C
C,A
B,B
A,A
C,C
D,D
D,D
D,D
C,C
A,A
B,_
A,A
D,D
C,C
A,A
B,D
A,A
A,B
C,_
D,D
C,C
B,B
A,B
D,D
A,D
B,B
A,A
A,A
B,C
C,C
C,C
D,D
D,D
B,B
D,_
D,D
D,C
B,B
D,_
C,C
D,D
C,C
A,A
C,C
D,D
C,C
B,A
A,A
D,C
B,D
B,D
A,B
D,D
B,B
B,_
C,C
C,C
D,D
A,A
C,C
D,D
D,D
A,A
D,B
B,C
A,B
D,D
D,B
A,_
A,_
C,_
B,B
B,B
B,_
B,D
C,C
B,B
A,A
D,D
C,C
D,D
C,C
D,_
A,A
A,A
D,D
B,A
B,_
B,B
C,C
C,C
C,C
A,B
A,_
A,A
A,_
B,B
A,A
C,C
B,B
D,D
C,C
C,B
A,A
B,B
D,D
A,A
A,A
B,C
A,A
D,C
B,B
D,D
D,D
D,B
A,A
B,B
D,D
B,B
B,_
D,D
C,B
D,D
D,_
C,C
C,D
D,D
A,C
C,C
A,A
B,_
D,D
C,C
A,B
A,A
D,D
C,_
A,A
C,A
A,A
D,D
C,_
D,_
C,C
C,C
B,A
A,D
A,D
B,_
