Correct Choice,llama3.1:8b-epoch16
B,B
C,C
C,B
C,D
A,A
B,C
A,A
B,B
A,A
B,D
A,A
B,B
D,D
A,A
A,A
A,A
A,A
D,D
A,A
D,D
B,B
C,C
D,D
C,C
B,B
B,B
C,C
A,A
B,B
D,D
C,C
B,B
A,A
D,D
B,B
B,B
B,A
C,C
A,A
B,B
A,A
A,A
A,A
C,C
B,B
B,B
C,C
B,B
C,C
B,A
A,A
C,C
D,D
A,A
B,B
B,B
C,C
D,D
A,A
B,B
B,B
D,A
B,B
B,C
D,D
C,C
B,B
B,B
C,C
C,C
B,B
C,C
A,A
B,D
A,A
B,B
D,D
A,A
D,D
B,B
B,B
C,C
C,C
B,B
B,B
C,A
C,A
D,D
D,D
C,C
A,A
B,B
D,A
A,A
D,D
D,D
A,A
B,B
A,A
C,C
D,D
A,B
C,B
B,B
C,C
B,A
C,B
D,A
A,A
D,A
A,A
C,C
B,B
B,B
B,B
B,B
B,B
B,B
C,C
A,D
B,B
B,B
A,A
A,A
A,A
A,A
A,A
B,B
A,A
D,D
A,A
C,C
C,A
A,A
A,A
A,A
B,A
D,B
D,B
A,D
B,D
C,B
B,B
C,A
A,A
D,D
C,C
C,A
A,A
A,A
C,C
C,C
C,A
B,B
B,C
C,A
A,A
A,D
B,D
B,A
C,C
D,D
B,B
D,D
C,C
C,B
B,B
B,B
A,A
C,C
D,D
A,A
D,D
D,C
C,C
C,C
B,B
C,C
B,B
C,C
B,B
A,A
C,C
B,A
C,C
A,A
B,B
B,C
A,A
C,C
C,C
C,A
B,B
B,B
B,D
D,B
A,A
D,D
C,A
C,C
A,A
C,D
A,C
C,C
B,C
C,C
D,D
C,C
A,A
B,B
C,A
C,C
D,C
C,A
C,C
B,A
B,C
B,B
D,D
A,A
D,D
A,A
C,D
B,B
B,B
C,D
B,C
A,B
A,A
B,D
C,C
B,C
D,C
B,C
C,C
B,B
C,D
B,D
B,D
D,D
C,C
B,A
A,A
B,B
C,A
D,A
A,C
B,D
A,A
C,C
D,A
D,C
A,A
B,C
C,A
C,C
D,D
A,A
D,D
D,C
D,B
A,D
D,D
B,C
A,A
D,A
C,C
B,D
C,A
C,A
D,D
B,A
A,D
C,C
C,B
D,A
B,B
C,C
D,D
C,D
A,A
C,A
A,A
A,C
A,C
B,B
D,D
A,A
D,B
C,D
C,A
C,D
C,C
C,D
D,D
C,A
D,B
D,B
B,A
B,B
C,A
A,B
C,A
A,A
B,A
B,B
A,A
C,C
D,B
A,D
D,A
A,C
D,D
B,B
C,D
C,C
B,B
D,C
D,A
C,A
D,A
D,A
A,A
B,D
B,B
C,C
C,A
A,A
D,A
B,A
A,D
C,A
C,A
B,B
A,A
A,A
B,B
A,C
D,D
C,C
D,A
A,A
A,A
C,C
B,D
C,C
A,D
D,D
C,C
D,D
C,D
