Correct Choice,mistral:7b
A,A
D,D
B,B
A,A
C,C
D,D
D,D
C,C
D,D
C,B
D,D
D,D
C,C
C,C
C,C
C,C
B,B
D,D
C,A
C,C
B,B
C,C
C,C
C,C
D,D
B,A
C,A
D,B
C,C
B,B
A,A
C,C
B,B
B,B
D,A
B,B
D,D
D,B
A,A
C,C
C,B
B,B
D,B
B,B
D,C
C,C
B,B
D,D
D,D
B,B
D,D
C,C
D,D
D,B
B,B
B,B
A,A
B,B
A,A
D,D
D,D
C,B
A,A
B,D
D,A
A,A
B,B
B,B
D,D
D,D
A,B
B,A
A,A
D,A
C,C
B,B
D,D
D,D
D,D
D,D
C,C
A,A
B,B
D,D
A,D
B,B
B,A
A,A
C,C
A,B
C,B
C,C
D,D
B,B
B,B
C,C
C,C
D,B
D,A
D,D
C,C
C,B
A,A
B,B
D,D
C,C
C,C
D,D
D,C
C,B
A,C
A,A
C,C
B,B
B,B
A,A
C,C
C,B
D,D
A,A
A,A
D,D
B,B
D,D
C,C
C,C
B,A
C,C
B,B
A,A
B,B
A,A
C,C
D,D
D,D
A,A
B,B
B,B
B,B
B,B
D,C
B,B
D,A
B,B
B,B
D,D
B,B
D,B
A,A
A,A
D,D
B,B
D,D
A,A
B,B
B,B
B,B
A,A
A,A
B,B
B,B
D,D
C,C
A,D
D,D
B,C
A,A
A,A
C,C
A,A
C,C
A,A
D,C
C,C
A,B
B,C
D,D
A,A
C,C
C,C
B,B
B,B
B,B
C,B
A,A
B,B
C,C
D,D
D,A
B,B
A,A
A,A
A,A
C,C
D,D
B,B
C,B
A,A
A,B
D,D
D,D
D,D
C,B
B,B
D,D
C,C
B,B
D,D
D,D
D,A
D,D
A,A
B,B
D,D
C,C
A,A
B,B
B,C
B,B
D,D
C,C
D,D
A,A
D,D
A,A
A,A
D,D
A,A
A,A
D,D
C,C
D,D
A,A
A,D
C,C
B,D
A,A
C,C
A,A
B,B
A,A
A,C
D,D
B,C
A,A
C,C
A,C
C,C
B,B
A,A
A,D
B,B
B,B
C,C
B,B
C,B
C,C
C,B
A,D
D,D
A,A
A,A
A,A
D,D
B,B
B,B
B,B
C,C
A,A
A,A
A,A
D,D
B,B
A,C
D,D
C,C
D,D
D,D
D,D
D,D
C,C
D,D
D,D
D,D
D,D
D,D
D,B
D,D
D,D
D,D
C,C
B,B
C,B
A,C
B,B
B,A
D,C
D,D
C,C
A,A
B,B
D,D
B,B
A,C
C,C
A,A
B,B
D,D
A,A
D,D
A,A
C,D
C,D
C,C
D,A
C,C
B,B
A,D
A,A
B,C
B,B
D,D
D,D
A,A
C,D
C,C
B,B
D,D
C,C
C,C
B,B
C,C
D,D
D,D
B,A
A,A
D,D
A,D
D,D
B,B
D,D
A,A
D,D
B,B
B,A
C,C
B,C
C,C
A,B
A,A
B,B
C,_
C,C
C,C
D,D
B,B
B,B
D,D
D,D
C,C
B,B
A,B
B,B
B,B
A,C
D,B
C,C
C,B
B,B
A,A
C,C
C,C
A,A
B,B
B,B
B,B
A,A
B,B
C,C
B,B
A,A
D,D
C,C
C,C
D,D
C,D
C,C
C,C
B,B
B,B
B,B
B,B
A,A
D,D
D,D
B,A
A,A
C,B
D,D
C,B
C,C
B,B
B,X
D,D
C,C
D,D
C,C
C,C
C,B
D,C
C,C
A,A
A,A
D,D
C,C
D,B
A,A
B,B
B,B
D,D
C,C
A,A
B,D
B,B
C,C
A,C
D,B
A,A
B,B
D,D
C,C
C,C
B,B
C,C
B,A
C,B
D,D
D,D
C,C
B,B
B,B
C,C
A,A
B,B
A,C
C,C
C,C
C,C
B,B
A,D
C,C
A,C
C,C
D,D
D,D
A,A
B,C
D,D
C,C
D,D
A,A
A,B
A,A
C,C
C,A
D,D
B,B
D,D
D,D
B,C
B,B
B,B
A,A
D,D
D,D
A,C
B,B
C,C
A,B
D,B
C,C
D,D
B,B
D,B
D,D
D,B
C,C
A,A
A,A
C,C
B,B
A,D
A,A
A,A
C,C
C,C
D,D
C,C
B,B
D,D
B,B
D,D
D,D
B,B
B,B
D,B
B,B
C,C
D,D
C,C
B,B
A,B
D,D
A,C
A,A
B,B
C,C
C,C
A,A
A,C
B,B
B,B
D,B
B,D
A,D
B,B
A,A
A,A
C,C
D,D
D,C
C,B
A,A
A,A
B,B
B,B
B,B
C,C
B,B
A,A
C,B
B,B
A,A
A,A
D,D
D,D
D,A
C,C
D,D
C,D
C,C
C,D
C,C
C,C
B,B
D,D
C,C
B,B
C,B
A,A
D,D
D,D
A,A
D,D
B,B
A,A
C,C
C,C
C,_
A,A
C,A
A,A
C,C
C,C
D,B
B,B
B,B
B,A
A,C
D,D
D,D
A,A
D,B
C,A
D,D
B,B
C,C
B,B
D,D
D,D
D,D
C,C
D,D
A,A
B,B
C,C
A,A
D,D
B,B
D,D
A,A
A,A
C,X
D,D
B,B
A,A
C,C
D,D
B,B
D,D
A,A
A,D
A,A
D,D
B,B
A,A
A,A
C,C
B,B
D,D
B,B
A,A
C,C
A,A
C,C
D,D
A,B
D,B
D,D
D,D
B,B
A,B
C,C
C,C
A,D
A,A
C,C
C,B
C,C
B,B
D,D
A,A
C,C
B,B
B,B
D,D
C,C
D,D
B,B
A,A
D,D
A,C
D,D
B,A
D,B
B,B
D,D
A,D
A,A
B,B
C,C
C,C
B,B
C,C
D,B
B,B
A,A
C,C
C,C
C,C
D,D
D,D
A,A
C,C
D,D
B,B
C,C
C,C
B,B
D,D
D,B
B,B
A,A
A,A
D,D
A,A
A,A
A,A
A,A
D,D
C,C
A,A
D,D
A,A
B,B
D,D
C,C
C,C
C,C
C,B
C,C
D,D
B,B
C,A
A,A
C,A
B,B
A,A
C,C
D,D
C,C
A,D
B,B
C,C
A,A
B,B
B,B
B,B
C,C
C,C
A,A
A,A
A,A
D,D
A,A
A,B
A,C
C,C
A,A
C,D
B,A
A,A
A,A
C,C
D,D
A,B
D,D
C,C
D,D
C,C
A,A
B,B
C,C
C,C
A,A
C,C
B,B
C,A
C,C
B,B
D,D
C,C
B,B
C,C
D,D
A,B
D,D
B,B
A,A
D,A
C,C
B,B
B,B
D,A
D,D
D,D
C,C
A,A
A,A
D,D
D,D
C,C
D,D
D,D
B,B
A,A
B,B
D,D
B,B
A,C
B,B
C,C
C,C
B,B
A,A
D,D
B,B
D,D
B,B
D,B
A,B
D,D
A,A
D,A
A,A
B,B
C,C
B,B
A,A
A,A
C,A
D,D
B,B
C,C
C,B
B,D
D,D
B,B
B,B
A,A
C,C
B,B
B,B
D,D
A,A
B,B
B,B
C,B
A,A
A,A
C,B
C,B
A,A
A,A
D,A
A,A
C,C
B,B
D,B
C,C
A,B
C,C
D,D
D,D
C,C
C,A
B,B
B,B
D,D
D,D
D,D
B,B
D,A
D,D
A,C
B,B
C,_
A,A
C,C
C,C
D,D
C,D
A,A
A,C
D,C
D,D
D,B
A,A
B,B
B,D
D,D
D,D
B,B
B,B
D,C
A,A
C,C
C,C
C,C
D,C
A,A
C,C
A,A
A,D
B,B
A,C
D,D
A,C
C,C
C,C
B,B
C,C
A,A
B,B
B,B
C,C
B,B
C,C
D,B
A,A
C,B
C,C
D,D
A,A
C,B
D,D
D,D
C,C
D,D
B,B
D,D
A,B
B,B
C,B
C,C
B,B
D,D
B,B
A,A
B,B
D,D
D,A
B,B
D,D
D,B
C,C
C,C
C,C
B,B
A,A
D,D
A,A
D,A
D,B
C,B
D,D
C,C
B,A
D,A
A,C
A,A
C,B
C,D
A,A
A,A
D,D
C,C
A,C
A,A
C,C
B,B
C,D
D,D
A,A
B,B
B,B
C,D
A,A
B,B
D,C
B,B
A,A
B,B
D,D
C,C
D,D
C,_
B,A
A,A
A,A
D,D
C,C
A,A
C,C
A,A
B,B
A,B
B,B
B,B
A,A
C,C
A,D
C,A
D,A
C,C
C,A
B,B
B,B
A,D
A,A
A,A
A,A
C,C
A,A
C,C
B,C
D,D
D,D
A,A
C,C
C,A
C,C
B,B
B,C
C,C
B,B
D,D
C,C
C,C
C,C
D,D
D,B
B,B
C,C
A,A
D,D
D,D
C,C
A,A
C,D
D,B
B,B
B,B
D,A
D,D
C,C
C,C
A,A
A,A
C,C
A,A
C,C
D,D
D,D
C,C
B,B
D,D
B,B
A,B
A,A
C,C
D,D
D,D
A,A
A,A
A,A
B,B
A,A
D,D
B,D
D,D
D,D
C,C
A,A
B,A
D,D
B,B
D,A
B,B
D,D
D,D
C,C
C,C
B,D
D,D
C,C
C,B
A,B
B,B
A,A
A,A
C,B
B,B
D,D
A,A
D,D
D,D
B,D
C,A
D,D
A,A
B,B
B,A
C,C
D,C
C,C
C,_
C,D
A,B
C,C
D,D
A,A
D,D
B,D
A,A
B,B
A,C
B,B
B,B
D,D
D,D
C,C
D,D
B,B
A,A
D,D
D,D
D,A
C,C
D,D
D,D
D,B
B,B
B,B
D,D
D,D
C,A
A,A
C,C
B,B
C,C
B,B
A,A
D,B
D,D
A,A
C,C
B,B
B,B
C,C
A,C
A,A
C,C
C,C
D,D
D,D
D,D
A,A
C,C
B,B
D,D
D,D
D,D
C,C
D,D
C,C
A,A
C,C
B,A
A,D
A,D
A,A
D,D
B,B
A,A
C,D
B,B
A,A
A,A
C,C
C,C
A,A
C,C
A,D
A,A
C,C
A,A
A,C
C,C
C,C
D,D
D,C
D,D
A,A
A,A
D,D
C,C
A,A
B,B
A,B
C,C
D,D
D,A
B,B
D,D
B,B
D,D
D,D
D,D
D,D
A,A
B,B
C,C
B,B
B,B
A,A
D,D
B,B
B,C
D,D
C,A
C,C
A,B
D,A
A,A
A,D
D,D
B,B
C,C
D,A
C,C
A,A
D,D
A,A
D,D
B,B
D,D
B,B
D,_
D,D
B,B
B,B
D,A
A,A
A,A
B,A
B,B
C,C
B,B
C,D
B,B
B,B
D,D
B,A
C,C
A,A
D,D
C,C
D,D
A,A
D,D
B,B
B,D
D,D
D,D
B,B
D,D
C,C
A,D
A,A
D,D
A,A
D,C
A,A
B,B
D,D
A,A
B,B
A,A
C,C
A,A
A,A
D,D
D,D
C,C
B,B
B,D
C,D
B,B
D,D
C,C
B,B
A,A
A,D
B,B
B,B
D,D
B,B
D,D
B,B
D,D
B,B
B,A
B,B
A,A
A,A
C,C
D,D
C,C
C,C
B,B
C,C
C,C
C,D
C,C
B,B
A,A
C,B
B,B
C,C
C,C
B,B
D,D
A,A
D,A
B,B
C,C
B,B
C,C
B,B
A,A
C,C
D,D
A,D
B,B
B,B
A,A
C,C
C,C
A,A
A,A
B,B
C,C
B,A
C,C
D,D
B,B
D,D
B,B
C,C
C,C
C,C
A,A
C,C
B,B
C,C
C,C
C,C
A,A
C,B
C,D
A,A
C,C
A,B
A,A
B,B
C,C
C,D
C,C
C,D
A,A
B,C
B,B
B,C
A,A
D,D
C,B
A,A
D,D
A,B
B,B
A,A
B,B
B,B
C,A
C,C
B,B
C,C
C,C
D,A
B,B
A,A
D,A
C,C
C,C
B,B
A,A
B,B
C,C
A,D
A,A
B,B
B,A
D,D
A,A
C,C
A,A
D,D
D,D
D,D
B,B
A,A
B,B
D,A
B,B
A,A
A,A
A,A
C,C
B,D
D,D
D,D
C,C
A,A
D,D
D,D
B,B
D,D
A,A
A,A
B,A
B,C
D,D
A,A
A,A
B,B
D,D
D,D
A,A
B,B
B,D
B,B
C,C
B,B
C,C
D,D
C,C
D,D
A,A
B,B
C,A
C,C
B,B
B,B
D,D
B,B
B,C
C,C
A,A
B,B
A,A
A,D
C,D
D,B
B,B
D,D
A,A
C,C
B,B
C,C
B,B
D,D
A,A
B,B
D,D
A,A
B,B
A,A
A,A
D,D
C,C
C,C
A,A
D,B
D,D
B,B
A,C
B,B
B,B
B,B
A,C
B,B
B,B
A,A
D,D
A,A
D,D
C,C
D,B
A,A
A,A
A,A
C,C
D,C
B,D
D,D
B,B
D,D
C,C
B,B
B,B
B,B
C,C
B,B
C,C
A,A
C,C
A,C
D,D
D,C
B,B
D,D
A,A
C,C
C,A
D,A
A,D
D,D
C,D
D,D
B,B
B,B
B,D
B,B
C,C
A,A
D,D
B,C
A,A
A,A
A,A
C,C
A,_
B,C
D,D
A,A
B,B
A,C
B,B
A,A
C,C
C,C
A,A
A,A
B,B
D,D
B,B
D,D
B,B
C,C
A,B
A,A
B,B
B,B
D,C
C,B
D,D
D,D
D,D
B,C
B,B
A,A
D,D
A,A
A,A
B,B
C,C
D,D
B,B
C,C
D,C
C,C
B,B
C,C
C,C
A,C
C,C
A,A
C,B
D,D
C,C
D,D
A,D
A,A
D,D
B,B
C,C
A,C
C,B
A,C
C,A
B,B
A,D
C,C
D,D
D,D
D,D
C,B
A,A
B,B
A,A
D,D
C,C
A,A
B,C
A,C
A,A
C,A
D,D
C,C
B,B
A,B
D,B
A,D
B,B
A,A
A,A
B,B
C,C
C,A
D,D
D,D
B,B
D,D
D,D
D,C
B,B
D,D
C,C
D,D
C,C
A,A
C,C
D,D
C,C
B,A
A,A
D,B
B,B
B,B
A,A
D,D
B,B
B,B
C,C
C,C
D,D
A,A
C,C
D,B
D,D
A,A
D,B
B,C
A,B
D,D
D,D
A,A
A,A
C,C
B,B
B,B
B,C
B,B
C,C
B,B
A,A
D,D
C,C
D,A
C,C
D,D
A,A
A,A
D,D
B,B
B,B
B,B
C,C
C,C
C,C
A,C
A,C
A,A
A,A
B,B
A,A
C,C
B,B
D,D
C,C
C,B
A,A
B,B
D,D
A,C
A,A
B,C
A,A
D,C
B,B
D,D
D,D
D,D
A,_
B,B
D,_
B,A
B,D
D,D
C,B
D,D
D,D
C,C
C,D
D,B
A,_
C,C
A,A
B,B
D,D
C,C
A,A
A,A
D,D
C,C
A,A
C,C
A,A
D,D
C,_
D,B
C,C
C,C
B,B
A,A
A,D
B,B
