Correct Choice,gemma-7b
B,B
C,C
C,C
A,A
B,B
A,A
B,B
A,A
A,A
B,B
D,D
A,A
A,A
A,A
D,D
A,A
D,D
B,B
C,C
D,D
C,C
B,B
B,B
C,C
A,A
B,B
D,D
C,C
B,B
A,A
D,D
B,B
B,B
C,C
A,A
B,B
A,A
A,A
A,A
C,C
B,B
B,B
C,C
B,B
C,C
B,B
A,A
C,C
D,D
A,A
B,B
B,B
C,C
D,D
A,A
B,B
B,B
D,D
B,B
B,B
D,D
C,C
B,B
B,B
C,C
C,C
C,C
A,A
B,B
A,A
B,B
D,D
A,A
D,D
B,B
B,B
C,C
C,C
B,B
C,_
C,C
D,D
D,D
C,C
A,A
B,B
D,D
A,A
D,D
D,D
A,A
B,B
A,A
C,C
D,D
A,A
C,C
B,B
C,C
B,B
C,C
D,D
A,A
D,D
A,A
C,C
B,B
B,B
B,B
B,B
B,B
B,B
C,C
A,A
B,B
B,B
A,A
A,A
A,A
A,A
A,A
B,B
A,A
D,D
A,A
C,C
C,C
A,A
A,A
A,A
B,_
D,D
D,D
A,A
B,B
C,C
B,B
C,C
A,A
D,D
C,C
C,C
A,A
A,A
C,C
C,C
B,B
B,B
C,C
A,A
A,A
B,B
B,B
C,C
D,D
B,B
D,D
C,C
C,C
B,B
B,B
A,A
C,C
D,D
A,A
D,D
D,D
C,C
C,C
B,B
C,C
B,B
C,C
B,B
A,A
C,C
C,C
A,A
B,B
B,B
A,A
C,C
C,C
C,C
B,B
B,B
B,_
D,_
A,A
D,D
C,C
A,A
C,C
A,A
C,C
B,B
C,C
D,D
C,C
A,A
B,B
C,C
C,C
C,C
B,B
B,B
B,B
D,D
A,A
D,D
A,A
B,B
B,B
C,C
B,B
A,_
A,_
B,B
C,C
B,C
D,D
B,B
C,_
B,D
C,C
B,B
B,B
D,D
C,C
B,B
A,A
B,B
C,C
D,D
A,_
B,B
A,_
C,C
D,D
A,A
B,B
C,C
C,C
D,D
A,A
D,_
D,D
D,D
A,A
D,D
B,B
A,A
D,_
C,C
B,B
C,C
C,C
D,D
B,B
A,A
C,C
C,C
D,D
B,B
D,D
C,C
A,A
C,C
A,A
A,_
A,A
B,B
A,A
D,D
C,_
C,C
C,_
C,C
D,D
C,_
D,D
B,B
B,B
C,_
C,C
A,A
B,B
B,B
A,A
C,C
D,D
A,A
D,D
A,_
D,D
B,B
C,C
B,B
D,D
D,D
D,_
D,D
A,A
B,B
B,B
C,_
C,_
A,A
D,D
B,B
A,_
C,_
C,C
B,B
A,A
A,A
B,_
A,A
D,D
D,D
A,A
C,C
B,B
A,A
D,D
D,_
C,C
